{"94deb662-1dd4-4ff2-ab53-87099bb69c68":{"name":"Parmesan Cheese","nutrition":{"calories":430.3426868198734,"cholesterol":0.0881849768073511,"fat":28.219192578352352,"sodium":1.527363798303321,"protein":38.801389795234485,"carbs":{"absolute":4.232878886752853,"dietaryFiber":0,"sugar":1.0582197216882132}},"unit":true}}