{"5330f73d-54c9-4860-8207-6622bdcf16d3":{"name":"Garlic Powder","nutrition":{"protein":17,"carbs":{"absolute":73,"dietaryFiber":9,"sugar":2.4},"calories":331,"cholesterol":0,"fat":0.7,"sodium":0.06},"unit":true},"9abbd533-3b3d-4be9-aa72-d91df8397a4d":{"name":"Gold Standard Whey - Banana Cream","nutrition":{"protein":77.41935484,"carbs":{"sugar":6.451612903,"absolute":12.90322581,"dietaryFiber":0},"allergies":[],"calories":387.0967742,"cholesterol":0,"fat":3.225806452,"sodium":0.4193548387,"category":"07304b8c-2952-422f-afc7-8bf5752f527b"},"unit":true}}