{"338d1721-730a-4165-8b00-82a1dc905d4b":{"name":"Vanilla Extract, Pure","nutrition":{"calories":243.46096272000003,"cholesterol":0,"fat":0,"sodium":0.08115365424000001,"protein":0,"carbs":{"absolute":10.144206780000001,"dietaryFiber":0,"sugar":10.144206780000001}},"unit":false}}